Player Name,Country,Matches Played,Innings,Not Outs,Runs,Average,Balls Faced,Strike Rate,Hundereds,Fifties
SR Tendulkar (INDIA),IND,463,452,41,18426,44.83,21367,86.23,49,96
KC Sangakkara (SL),SL,397,373,40,13975,41.96,17715,78.88,25,90
RT Ponting (AUS),AUS,374,364,39,13589,41.81,16944,80.19,29,82
ST Jayasuriya (SL),SL,441,429,18,13364,32.51,14644,91.25,28,68
DPMD Jayawardene (SL),SL,443,413,38,12381,33.01,15736,78.67,18,75
Inzamam-ul-Haq (PAK),PAK,375,348,52,11701,39.53,15769,74.2,10,83
JH Kallis (SA),SA,323,309,53,11550,45.11,15793,73.13,17,86
V Kohli (INDIA),IND,239,230,39,11520,60.31,12359,93.21,43,54
SC Ganguly (INDIA),IND,308,297,23,11221,40.95,15235,73.65,22,71
R Dravid (INDIA),IND,340,314,39,10768,39.15,15126,71.18,12,82
MS Dhoni (INDIA),IND,347,294,83,10599,50.23,12164,87.13,9,73
CH Gayle (WI),WI,298,291,17,10425,38.04,11960,87.16,25,53
BC Lara (WI),WI,295,285,32,10348,40.9,12996,79.62,19,62
TM Dilshan (SL),SL,330,303,41,10290,39.27,11933,86.23,22,47
AC Gilchrist (AUS),AUS,286,278,11,9595,35.93,9902,96.89,16,55
Mohammad Yousuf (PAK),PAK,281,267,40,9554,42.08,12753,74.91,15,62
AB de Villiers (SA),SA,223,213,39,9427,54.17,9308,101.27,25,52
Saeed Anwar (PAK),PAK,244,241,19,8806,39.66,10886,80.89,20,43
S Chanderpaul (WI),WI,268,251,40,8778,41.6,12408,70.74,11,59
RG Sharma (INDIA),IND,218,211,32,8686,48.52,9806,88.57,27,42
Yuvraj Singh (INDIA),IND,301,275,39,8609,36.47,9846,87.43,14,52
MS Atapattu (SL),SL,268,259,32,8529,37.57,12594,67.72,11,59
LRPL Taylor (NZ),NZ,228,212,37,8376,47.86,10091,83,20,50
ME Waugh (AUS),AUS,237,230,20,8369,39.85,10900,76.77,18,50
HM Amla (SA),SA,181,178,14,8113,49.46,9178,88.39,27,39
HH Gibbs (SA),SA,248,240,16,8094,36.13,9721,83.26,21,37
Shahid Afridi (PAK),PAK,393,364,27,8027,23.81,6864,116.94,6,39
SP Fleming (NZ),NZ,279,268,21,8007,32.41,11214,71.4,8,49
V Sehwag (INDIA),IND,241,235,9,7995,35.37,7655,104.44,15,37
MJ Clarke (AUS),AUS,245,223,44,7981,44.58,10104,78.98,8,58
PA de Silva (SL),SL,243,234,24,7585,36.11,9231,82.16,11,49
Shoaib Malik (PAK),PAK,287,258,40,7534,34.55,9199,81.9,9,44
Younis Khan (PAK),PAK,265,255,23,7249,31.24,9628,75.29,7,48
M Azharuddin (INDIA),IND,239,222,38,7151,38.86,9400,76.07,5,51
NJ Astle (NZ),NZ,223,217,14,7090,34.92,9760,72.64,16,41
GC Smith (SA),SA,196,193,10,6989,38.19,8643,80.86,10,47
WU Tharanga (SL),SL,234,222,17,6941,33.85,9133,75.99,15,37
MG Bevan (AUS),AUS,232,196,67,6912,53.58,9320,74.16,6,46
Tamim Iqbal (BDESH),BAN,204,202,8,6892,35.52,8865,77.74,11,47
G Kirsten (SA),SA,185,185,19,6798,40.95,9436,72.04,13,45
MJ Guptill (NZ),NZ,179,176,19,6626,42.2,7586,87.34,16,35
Mohammad Hafeez (PAK),PAK,218,216,15,6614,32.9,8633,76.61,11,38
EJG Morgan (ENG),ENG,210,194,30,6604,40.26,7015,94.14,12,41
Shakib Al Hasan (BDESH),BAN,206,194,27,6323,37.86,7641,82.75,9,47
KS Williamson (NZ),NZ,149,142,14,6132,47.9,7494,81.82,13,39
ML Hayden (AUS),AUS,160,154,15,6131,44.1,7762,78.98,10,36
Mushfiqur Rahim (BDESH),BAN,216,202,34,6100,36.3,7718,79.03,7,37
BB McCullum (NZ),NZ,260,228,28,6083,30.41,6312,96.37,5,32
JN Rhodes (SA),SA,245,220,51,5935,35.11,7336,80.9,2,33
JE Root (ENG),ENG,143,135,21,5856,51.36,6702,87.37,16,33
AD Mathews (SL),SL,214,184,48,5812,42.73,6974,83.33,3,40
RR Sarwan (WI),WI,181,169,33,5804,42.67,7663,75.74,5,38
SR Waugh (AUS),AUS,247,218,39,5775,32.26,7627,75.71,3,36
SR Watson (AUS),AUS,190,169,27,5757,40.54,6365,90.44,9,33
A Ranatunga (SL),SL,192,181,35,5705,39.07,7247,78.72,4,39
SK Raina (INDIA),IND,226,194,35,5615,35.31,6005,93.5,5,36
MN Samuels (WI),WI,207,196,26,5606,32.97,7463,75.11,10,30
WJ Cronje (SA),SA,188,175,31,5565,38.64,7277,76.47,2,39
S Dhawan (INDIA),IND,133,131,7,5518,44.5,5869,94.01,17,27
F du Plessis (SA),SA,143,136,20,5507,47.47,6215,88.6,12,35
MEK Hussey (AUS),AUS,185,157,44,5442,48.15,6243,87.16,3,39
Ijaz Ahmed (PAK),PAK,188,175,24,5421,35.9,6801,79.7,9,32
IR Bell (ENG),ENG,161,157,14,5416,37.87,7019,77.16,4,35
A Jadeja (INDIA),IND,196,179,36,5359,37.47,7677,69.8,6,30
DR Martyn (AUS),AUS,208,182,51,5346,40.8,6877,77.73,5,37
G Gambhir (INDIA),IND,147,143,11,5238,39.68,6144,85.25,11,34
Misbah-ul-Haq (PAK),PAK,162,149,31,5122,43.4,6945,73.75,0,42
JP Duminy (SA),SA,199,179,40,5117,36.81,6052,84.55,4,27
PD Collingwood (ENG),ENG,197,181,37,5092,35.36,6614,76.98,5,26
A Symonds (AUS),AUS,198,161,33,5088,39.75,5504,92.44,6,30
Abdul Razzaq (PAK),PAK,261,225,57,5031,29.94,6160,81.67,3,23
CL Hooper (WI),WI,188,174,33,5003,35.48,6455,77.5,6,26
DA Warner (AUS),AUS,116,114,5,4990,45.77,5222,95.55,17,20
Q de Kock (SA),SA,115,115,6,4907,45.01,5154,95.2,14,24
CL Cairns (NZ),NZ,214,192,25,4881,29.22,5827,83.76,4,25
Aamer Sohail (PAK),PAK,156,155,5,4780,31.86,7297,65.5,5,31
CD McMillan (NZ),NZ,197,183,16,4707,28.18,6198,75.94,3,28
AJ Finch (AUS),AUS,119,115,2,4559,40.34,5093,89.51,15,24
AJ Stewart (ENG),ENG,164,156,13,4557,31.86,6653,68.49,4,27
MV Boucher (SA),SA,290,216,57,4523,28.44,5342,84.66,1,25
SB Styris (NZ),NZ,188,161,23,4483,32.48,5645,79.41,4,28
KP Pietersen (ENG),ENG,134,123,16,4422,41.32,5100,86.7,9,25
Saleem Malik (PAK),PAK,181,162,26,4396,32.32,6176,71.17,1,31
CZ Harris (NZ),NZ,250,213,62,4379,29,6583,66.51,1,16
ME Trescothick (ENG),ENG,123,122,6,4335,37.37,5087,85.21,12,21
RS Mahanama (SL),SL,174,160,22,4257,30.84,6898,61.71,4,28
AJ Strauss (ENG),ENG,127,126,8,4205,35.63,5195,80.94,6,27
Mahmudullah (BDESH),BAN,185,160,42,3994,33.84,5222,76.48,3,21
RP Arnold (SL),SL,180,155,43,3950,35.26,5443,72.57,1,28
DJ Cullinan (SA),SA,138,133,16,3860,32.99,5492,70.28,3,23
GA Hick (ENG),ENG,120,118,15,3846,37.33,5191,74.08,5,27
JC Buttler (ENG),ENG,142,117,23,3843,40.88,3207,119.83,9,20
SPD Smith (AUS),AUS,118,104,12,3810,41.41,4414,86.31,8,23
RS Kaluwitharana (SL),SL,189,181,14,3711,22.22,4776,77.7,2,23
NV Knight (ENG),ENG,100,100,10,3637,40.41,5085,71.52,5,25
LD Chandimal (SL),SL,146,132,21,3599,32.42,4855,74.12,4,22
L Klusener (SA),SA,171,137,50,3576,41.1,3977,89.91,2,19
HP Tillakaratne (SL),SL,186,155,35,3572,29.76,6179,57.8,2,12
MA Taylor (AUS),AUS,113,110,1,3514,32.23,5909,59.46,1,28
Mohammad Ashraful (BDESH),BAN,175,168,13,3468,22.37,4946,70.11,3,20
DC Boon (AUS),AUS,102,100,16,3388,40.33,5346,63.37,3,22
JJ Roy (ENG),ENG,84,81,2,3381,42.79,3148,107.4,9,18
Babar Azam (PAK),PAK,74,72,10,3359,54.17,3857,87.08,11,15
AC Parore (NZ),NZ,179,161,32,3314,25.68,4867,68.09,1,14
HH Dippenaar (SA),SA,101,89,14,3300,44,4887,67.52,4,25
A Flintoff (ENG),ENG,138,119,16,3293,31.97,3694,89.14,3,18
NS Sidhu (INDIA),IND,107,100,7,3273,35.19,4760,68.76,5,21
Moin Khan (PAK),PAK,219,183,41,3266,23,4017,81.3,0,12
Kamran Akmal (PAK),PAK,157,138,14,3236,26.09,3855,83.94,5,10
Wasim Akram (PAK),PAK,274,224,44,3226,17.92,3713,86.88,0,6
AN Cook (ENG),ENG,92,92,4,3204,36.4,4154,77.13,5,19
HDRL Thirimanne (SL),SL,127,106,14,3194,34.71,4419,72.27,4,21
Umar Akmal (PAK),PAK,121,110,17,3194,34.34,3712,86.04,2,20
SM Pollock (SA),SA,294,196,70,3193,25.34,3732,85.55,0,13
BJ Haddin (AUS),AUS,126,115,16,3122,31.53,3706,84.24,2,16
DM Jones (AUS),AUS,82,80,11,3109,45.05,4423,70.29,4,24
DS Lehmann (AUS),AUS,117,101,22,3078,38.96,3784,81.34,4,17
DA Miller (SA),SA,126,110,31,3058,38.7,3054,100.13,5,12
GJ Bailey (AUS),AUS,90,85,10,3044,40.58,3645,83.51,3,22
Rameez Raja (PAK),PAK,103,103,10,3035,32.63,4876,62.24,7,12
AP Gurusinha (SL),SL,113,109,4,3006,28.62,4767,63.05,2,15
DJ Bravo (WI),WI,164,141,24,2968,25.36,3606,82.3,2,10
AM Rahane (INDIA),IND,90,87,3,2962,35.26,3767,78.63,3,24
PV Simmons (WI),WI,118,113,10,2888,28.03,4344,66.48,4,13
WW Hinds (WI),WI,119,111,10,2880,28.51,4393,65.55,5,14
GJ Maxwell (AUS),AUS,110,100,11,2877,32.32,2332,123.37,1,19
JM Bairstow (ENG),ENG,74,68,8,2861,47.68,2749,104.07,9,11
DM Bravo (WI),WI,110,105,13,2839,30.85,4045,70.18,3,18
IJL Trott (ENG),ENG,68,65,10,2819,51.25,3658,77.06,4,22
SD Hope (WI),WI,69,64,9,2785,50.63,3760,74.06,7,14
Mohammad Nabi (AFG),AFG,124,112,12,2782,27.82,3252,85.54,1,15
SE Marsh (AUS),AUS,73,72,4,2773,40.77,3406,81.41,7,15
M Kaif (INDIA),IND,125,110,24,2753,32.01,3822,72.03,2,17
MDKJ Perera (SL),SL,98,93,5,2739,31.12,2945,93,5,14
Mohammad Shahzad (AFG),AFG,84,84,3,2727,33.66,3082,88.48,6,14
Salman Butt (PAK),PAK,78,78,4,2725,36.82,3572,76.28,8,14
RB Richardson (WI),WI,104,99,14,2718,31.97,4085,66.53,3,16
RG Twose (NZ),NZ,87,81,11,2717,38.81,3603,75.4,1,20
RS Bopara (ENG),ENG,120,109,21,2695,30.62,3462,77.84,1,14
BA Stokes (ENG),ENG,95,81,15,2682,40.63,2855,93.94,3,20
Ahmed Shehzad (PAK),PAK,81,81,1,2605,32.56,3614,72.08,6,14
AC Hudson (SA),SA,89,88,1,2559,29.41,3960,64.62,2,18
TWM Latham (NZ),NZ,95,88,9,2550,32.27,3096,82.36,4,15
VG Kambli (INDIA),IND,104,97,21,2477,32.59,3443,71.94,2,14
JDP Oram (NZ),NZ,160,116,15,2434,24.09,2810,86.61,1,13
Imrul Kayes (BDESH),BAN,78,78,2,2434,32.02,3423,71.1,4,16
AD Hales (ENG),ENG,70,67,3,2419,37.79,2527,95.72,6,14
L Vincent (NZ),NZ,102,99,10,2413,27.11,3453,69.88,3,11
GP Thorpe (ENG),ENG,82,77,13,2380,37.18,3344,71.17,0,21
Rahmat Shah (AFG),AFG,73,69,2,2359,35.2,3366,70.08,4,16
Asghar Afghan (AFG),AFG,111,105,9,2356,24.54,3531,66.72,1,12
KR Rutherford (NZ),NZ,87,82,8,2341,31.63,3471,67.44,2,12
VVS Laxman (INDIA),IND,86,83,7,2338,30.76,3282,71.23,6,10
N Hussain (ENG),ENG,87,86,10,2330,30.65,3469,67.16,1,16
KA Pollard (WI),WI,104,97,6,2324,25.53,2495,93.14,3,9
RR Singh (INDIA),IND,134,111,22,2323,26.1,3125,74.33,1,9
DL Haynes (WI),WI,69,69,6,2310,36.66,3800,60.78,1,22
Sarfaraz Ahmed (PAK),PAK,116,90,22,2302,33.85,2622,87.79,2,11
SL Campbell (WI),WI,90,87,0,2283,26.24,3853,59.25,2,14
MD Crowe (NZ),NZ,61,60,10,2249,44.98,3186,70.59,3,17
NLTC Perera (SL),SL,161,128,16,2210,19.73,1979,111.67,1,10
JC Adams (WI),WI,127,105,28,2204,28.62,3614,60.98,0,14
DL Vettori (NZ),NZ,291,183,55,2201,17.19,2657,82.83,0,4
Shahriar Nafees (BDESH),BAN,75,75,5,2201,31.44,3167,69.49,4,13
D Ramdin (WI),WI,139,110,22,2200,25,2738,80.35,2,8
Habibul Bashar (BDESH),BAN,111,105,5,2168,21.68,3586,60.45,0,14
RA Jadeja (INDIA),IND,156,103,34,2128,30.84,2491,85.42,0,11
Javed Miandad (PAK),PAK,79,69,9,2114,35.23,3408,62.03,2,13
RA Smith (ENG),ENG,61,60,6,2107,39.01,3062,68.81,4,12
RL Powell (WI),WI,109,100,16,2085,24.82,2157,96.66,1,8
CL White (AUS),AUS,91,77,16,2072,33.96,2586,80.12,2,11
Yasir Hameed (PAK),PAK,56,56,1,2028,36.87,3029,66.95,3,12
WPUJC Vaas (SL),SL,321,219,72,2018,13.72,2785,72.45,0,1
MP Vaughan (ENG),ENG,86,83,10,1982,27.15,2898,68.39,0,16
GD Elliott (NZ),NZ,83,69,11,1976,34.06,2416,81.78,2,11
BKG Mendis (SL),SL,73,71,3,1973,29.01,2367,83.35,1,16
LMP Simmons (WI),WI,68,65,3,1958,31.58,2680,73.05,2,16
Aftab Ahmed (BDESH),BAN,85,85,6,1954,24.73,2353,83.04,0,14
SV Manjrekar (INDIA),IND,69,65,8,1908,33.47,2989,63.83,1,14
Imran Nazir (PAK),PAK,79,79,2,1895,24.61,2339,81.01,2,9
DJG Sammy (WI),WI,126,105,30,1871,24.94,1870,100.05,0,9
RD Jacobs (WI),WI,147,112,32,1865,23.31,2662,70.06,0,9
NH Fairbrother (ENG),ENG,64,60,16,1860,42.27,2568,72.42,1,14
Azhar Ali (PAK),PAK,53,53,3,1845,36.9,2478,74.45,3,12
OA Shah (ENG),ENG,71,66,6,1834,30.56,2331,78.67,1,12
Khaled Mashud (BDESH),BAN,126,110,27,1818,21.9,3315,54.84,0,7
Samiullah Shinwari (AFG),AFG,84,74,12,1811,29.2,2765,65.49,0,11
DJ Hussey (AUS),AUS,69,61,6,1796,32.65,1980,90.7,1,14
MA Atherton (ENG),ENG,54,54,3,1791,35.11,3054,58.64,2,12
JO Holder (WI),WI,109,87,18,1780,25.79,1890,94.17,0,9
MS Wade (AUS),AUS,94,80,11,1777,25.75,2164,82.11,1,10
MJ Greatbatch (NZ),NZ,68,67,2,1775,27.3,2545,69.74,2,10
Mashrafe Mortaza (BDESH),BAN,215,154,27,1772,13.95,2017,87.85,0,1
MM Ali (ENG),ENG,101,82,13,1766,25.59,1697,104.06,3,5
KD Karthik (INDIA),IND,94,79,21,1752,30.2,2392,73.24,0,9
Soumya Sarkar (BDESH),BAN,55,54,3,1728,33.88,1753,98.57,2,11
Imran Farhat (PAK),PAK,58,58,2,1719,30.69,2489,69.06,1,13
Rashid Latif (PAK),PAK,166,117,29,1709,19.42,2237,76.39,0,3
DA Gunawardene (SL),SL,61,61,1,1708,28.46,2389,71.49,1,12
AT Rayudu (INDIA),IND,55,50,14,1694,47.05,2143,79.04,3,10
ND McKenzie (SA),SA,64,55,10,1688,37.51,2432,69.4,2,10
KLT Arthurton (WI),WI,92,83,18,1674,25.75,2376,70.45,0,8
BA Young (NZ),NZ,74,73,5,1668,24.52,2733,61.03,0,9
IA Healy (AUS),AUS,149,107,32,1648,21.97,1951,84.46,0,4
AR Border (AUS),AUS,81,72,15,1638,28.73,2162,75.76,0,7
UDU Chandana (SL),SL,147,111,17,1627,17.3,2229,72.99,0,5
KC Wessels (SA),SA,55,54,4,1627,32.54,3143,51.76,0,12
CK Kapugedera (SL),SL,102,84,7,1624,21.09,2254,72.04,0,8
M Prabhakar (INDIA),IND,98,78,14,1589,24.82,2621,60.62,1,11
LPC Silva (SL),SL,75,62,7,1587,28.85,2254,70.4,1,13
Najibullah Zadran (AFG),AFG,67,62,9,1586,29.92,1765,89.85,1,11
SC Williams (WI),WI,57,55,6,1586,32.36,2402,66.02,1,12
N Dickwella (SL),SL,52,49,1,1571,32.72,1679,93.56,2,9
DR Smith (WI),WI,105,89,5,1560,18.57,1683,92.69,0,8
AH Jones (NZ),NZ,59,59,5,1555,28.79,2815,55.23,0,10
IK Pathan (INDIA),IND,120,87,21,1544,23.39,1941,79.54,0,5
Azhar Mahmood (PAK),PAK,143,110,26,1521,18.1,1988,76.5,0,3
RS Morton (WI),WI,56,51,6,1519,33.75,2289,66.36,2,10
HJH Marshall (NZ),NZ,66,62,9,1454,27.43,1990,73.06,1,12
MR Marsh (AUS),AUS,53,49,9,1428,35.7,1534,93.08,1,11
N Boje (SA),SA,113,69,18,1410,27.64,1579,89.29,2,4
L Ronchi (AUS/NZ),,85,68,9,1397,23.67,1220,114.5,1,4
JM Kemp (SA),SA,79,60,18,1371,32.64,1656,82.78,1,9
Asad Shafiq (PAK),PAK,60,58,4,1336,24.74,1979,67.5,0,9
Sabbir Rahman (BDESH),BAN,66,59,7,1333,25.63,1461,91.23,1,6
KMDN Kulasekara (SL),SL,184,123,37,1327,15.43,1629,81.46,0,4
JR Hopes (AUS),AUS,84,61,8,1326,25.01,1415,93.71,0,3
Javed Omar (BDESH),BAN,59,59,4,1312,23.85,2528,51.89,0,10
Raqibul Hasan (BDESH),BAN,55,54,7,1308,27.82,2133,61.32,0,8
MS Sinclair (NZ),NZ,54,50,4,1304,28.34,2086,62.51,2,8
KM Jadhav (INDIA),IND,68,47,17,1289,42.96,1270,101.49,2,6
MJ Prior (ENG),ENG,68,62,9,1282,24.18,1670,76.76,0,3
Nasir Hossain (BDESH),BAN,65,52,8,1281,29.11,1605,79.81,1,6
NR Mongia (INDIA),IND,140,96,33,1272,20.19,1846,68.9,0,2
C Munro (NZ),NZ,57,53,2,1271,24.92,1214,104.69,0,8
JEC Franklin (NZ),NZ,110,80,27,1270,23.96,1651,76.92,0,4
AB Agarkar (INDIA),IND,191,113,26,1269,14.58,1574,80.62,0,3
Basit Ali (PAK),PAK,50,43,6,1265,34.18,1669,75.79,1,9
JDS Neesham (NZ),NZ,59,50,10,1247,31.17,1260,98.96,0,6
SG Law (AUS),AUS,54,51,5,1237,26.89,1643,75.28,1,7
Alok Kapali (BDESH),BAN,69,66,3,1235,19.6,1817,67.96,1,5
D Mongia (INDIA),IND,57,51,7,1230,27.95,1721,71.47,1,4
HDPK Dharmasena (SL),SL,141,87,33,1222,22.62,1879,65.03,0,4
Noor Ali Zadran (AFG),AFG,51,50,1,1216,24.81,1923,63.23,1,7
Harbhajan Singh (INDIA),IND,234,126,35,1213,13.32,1502,80.75,0,0
Junaid Siddique (BDESH),BAN,54,53,1,1196,23,1753,68.22,1,6
Mohammad Rafique (BDESH),BAN,123,104,16,1190,13.52,1657,71.81,0,2
CR Woakes (ENG),ENG,99,68,20,1186,24.7,1316,90.12,0,4
B Lee (AUS),AUS,221,110,44,1176,17.81,1407,83.58,0,3
TM Moody (AUS),AUS,69,57,10,1149,24.44,1651,69.59,0,10
MF Maharoof (SL),SL,109,75,18,1113,19.52,1294,86.01,0,2
VS Solanki (ENG),ENG,51,46,5,1097,26.75,1504,72.93,2,5
F Behardien (SA),SA,59,49,14,1074,30.68,1097,97.9,0,6
NL McCullum (NZ),NZ,84,62,11,1070,20.98,1220,87.7,0,4
KD Mills (NZ),NZ,170,101,34,1047,15.62,1282,81.66,0,2
Gulbadin Naib (AFG),AFG,65,56,8,1041,21.68,1424,73.1,0,5
AD Russell (WI),WI,56,47,9,1034,27.21,794,130.22,0,4
JP Faulkner (AUS),AUS,69,52,22,1032,34.4,990,104.24,1,4
SK Warne (AUS),AUS,193,106,28,1016,13.02,1411,72,0,1
Khaled Mahmud (BDESH),BAN,77,72,3,991,14.36,1461,67.83,0,1
Asif Mujtaba (PAK),PAK,59,49,13,990,27.5,1572,62.97,1,5
MJ Horne (NZ),NZ,50,48,0,980,20.41,1515,64.68,0,5
Naeem Islam (BDESH),BAN,59,51,15,975,27.08,1473,66.19,0,5
Waqar Younis (PAK),PAK,254,138,44,965,10.26,1432,67.38,0,0
SA Thomson (NZ),NZ,56,52,10,964,22.95,1427,67.55,0,5
HH Pandya (INDIA),IND,54,38,6,957,29.9,828,115.57,0,4
Imad Wasim (PAK),PAK,53,39,16,952,41.39,868,109.67,0,5
MG Johnson (AUS),AUS,153,91,32,951,16.11,987,96.35,0,2
CM Spearman (NZ),NZ,51,50,0,936,18.72,1202,77.87,0,5
AJ Hall (SA),SA,88,56,13,905,21.04,1206,75.04,0,3
Rashid Khan (AFG),AFG,71,56,9,905,19.25,906,99.88,0,4
A Kumble (INDIA),IND,269,134,47,903,10.37,1481,60.97,0,0
MJ Santner (NZ),NZ,69,54,21,898,27.21,1021,87.95,0,2
J Srinath (INDIA),IND,229,121,38,883,10.63,1109,79.62,0,1
TT Bresnan (ENG),ENG,85,64,20,871,19.79,965,90.25,0,1
DJ Richardson (SA),SA,122,77,33,868,19.72,1298,66.87,0,1
TT Samaraweera (SL),SL,53,42,11,862,27.8,1244,69.29,2,0
RS Kalpage (SL),SL,86,69,28,844,20.58,1320,63.93,0,1
N Kapil Dev (INDIA),IND,77,62,14,843,17.56,1081,77.98,0,0
BM McMillan (SA),SA,78,52,16,841,23.36,1147,73.32,1,0
YK Pathan (INDIA),IND,57,41,11,810,27,713,113.6,2,3
GB Hogg (AUS),AUS,123,65,26,790,20.25,1004,78.68,0,2
Abdur Razzak (BDESH),BAN,153,97,39,779,13.43,1020,76.37,0,1
JA Morkel (SA),SA,56,41,10,760,24.51,750,101.33,0,2
Z Khan (INDIA),IND,194,96,31,753,11.58,1041,72.33,0,0
MA Ealham (ENG),ENG,64,45,4,716,17.46,1092,65.56,0,0
IJ Harvey (AUS),AUS,73,51,11,715,17.87,811,88.16,0,0
Saqlain Mushtaq (PAK),PAK,169,98,38,711,11.85,1434,49.58,0,0
LJ Wright (ENG),ENG,50,39,4,707,20.2,820,86.21,0,2
PL Symcox (SA),SA,80,54,13,694,16.92,830,83.61,0,3
Wahab Riaz (PAK),PAK,89,64,15,680,13.87,787,86.4,0,2
JR Murray (WI),WI,55,36,6,678,22.6,929,72.98,0,5
TG Southee (NZ),NZ,140,85,32,676,12.75,686,98.54,0,1
R Ashwin (INDIA),IND,111,61,19,675,16.07,776,86.98,0,1
M Muralitharan (SL),SL,343,161,63,674,6.87,867,77.73,0,0
LE Plunkett (ENG),ENG,89,50,19,646,20.83,629,102.7,0,1
BMAJ Mendis (SL),SL,58,44,10,636,18.7,769,82.7,0,1
GR Larsen (NZ),NZ,121,70,27,629,14.62,970,64.84,0,0
DJ Nash (NZ),NZ,81,53,13,624,15.6,940,66.38,0,0
D Gough (ENG),ENG,158,87,38,609,12.42,947,64.3,0,0
AU Rashid (ENG),ENG,99,43,12,588,18.96,574,102.43,0,1
SB Joshi (INDIA),IND,69,45,11,584,17.17,653,89.43,0,1
J Botha (SA),SA,76,48,17,578,18.64,693,83.4,0,0
C White (ENG),ENG,51,41,5,568,15.77,928,61.2,0,1
SL Malinga (SL),SL,226,119,36,567,6.83,761,74.5,0,1
RJ Peterson (SA),SA,79,41,14,556,20.59,688,80.81,0,1
AL Phehlukwayo (SA),SA,52,32,15,549,32.29,610,90,0,1
SCJ Broad (ENG),ENG,121,68,25,529,12.3,709,74.61,0,0
B Kumar (INDIA),IND,114,52,15,526,14.21,703,74.82,0,1
Naved-ul-Hasan (PAK),PAK,74,51,18,524,15.87,620,84.51,0,0
CEL Ambrose (WI),WI,141,78,26,515,9.9,767,67.14,0,0
Dawlat Zadran (AFG),AFG,82,56,27,513,17.68,664,77.25,0,0
WD Parnell (SA),SA,65,38,14,508,21.16,648,78.39,0,1
PR Reiffel (AUS),AUS,92,57,21,503,13.97,709,70.94,0,1
AR Nurse (WI),WI,54,40,14,502,19.3,513,97.85,0,0
GP Swann (ENG),ENG,79,48,12,500,13.88,553,90.41,0,0
R McLaren (SA),SA,54,41,15,485,18.65,680,71.32,0,1
AJ Bichel (AUS),AUS,67,36,13,471,20.47,600,78.5,0,1
AC Cummins (WI),WI,63,41,11,459,15.3,551,83.3,0,0
Umar Gul (PAK),PAK,130,65,18,457,9.72,642,71.18,0,0
Sohail Tanvir (PAK),PAK,62,40,11,399,13.75,458,87.11,0,1
DN Patel (NZ),NZ,54,43,9,393,11.55,500,78.6,0,1
Mushtaq Ahmed (PAK),PAK,132,73,32,387,9.43,677,57.16,0,0
AF Giles (ENG),ENG,62,35,13,385,17.5,551,69.87,0,0
CC Lewis (ENG),ENG,53,40,14,374,14.38,459,81.48,0,0
SP Narine (WI),WI,65,45,12,363,11,441,82.31,0,0
Mohammad Amir (PAK),PAK,61,30,10,363,18.15,444,81.75,0,2
R Rampaul (WI),WI,92,40,11,362,12.48,472,76.69,0,1
PAJ DeFreitas (ENG),ENG,58,35,11,362,15.08,467,77.51,0,1
Shoaib Akhtar (PAK),PAK,158,80,39,361,8.8,508,71.06,0,0
DW Steyn (SA),SA,123,49,12,361,9.75,547,65.99,0,1
IR Bishop (WI),WI,63,35,14,356,16.95,675,52.74,0,0
MA Starc (AUS),AUS,85,46,18,348,12.42,389,89.46,0,1
RDB Croft (ENG),ENG,50,36,12,345,14.37,519,66.47,0,0
GP Wickramasinghe (SL),SL,134,64,24,344,8.6,543,63.35,0,0
DNT Zoysa (SL),SL,95,47,21,343,13.19,358,95.81,0,0
NM Hauritz (AUS),AUS,58,32,17,336,22.4,349,96.27,0,1
Tapash Baisya (BDESH),BAN,56,41,13,336,12,576,58.33,0,0
Saeed Ajmal (PAK),PAK,113,70,24,324,7.04,535,60.56,0,0
Mohammad Sami (PAK),PAK,87,46,19,314,11.62,490,64.08,0,0
KAJ Roach (WI),WI,92,57,34,308,13.39,576,53.47,0,0
DR Tuffey (NZ),NZ,94,52,21,295,9.51,372,79.3,0,0
SE Bond (NZ),NZ,82,40,22,292,16.22,384,76.04,0,0
P Kumar (INDIA),IND,68,33,12,292,13.9,331,88.21,0,1
JN Gillespie (AUS),AUS,97,39,16,289,12.56,368,78.53,0,0
IDR Bradshaw (WI),WI,62,34,11,287,12.47,480,59.79,0,0
NO Miller (WI),WI,50,27,13,284,20.28,359,79.1,0,1
Hasan Ali (PAK),PAK,53,29,9,280,14,247,113.36,0,2
JE Taylor (WI),WI,90,42,9,278,8.42,323,86.06,0,0
JM Anderson (ENG),ENG,194,79,43,273,7.58,561,48.66,0,0
Aaqib Javed (PAK),PAK,144,47,23,265,11.04,443,59.81,0,0
K Rabada (SA),SA,75,28,12,259,16.18,333,77.77,0,0
AR Caddick (ENG),ENG,54,38,18,249,12.45,395,63.03,0,0
RAS Lakmal (SL),SL,85,48,22,244,9.38,404,60.39,0,0
CRD Fernando (SL),SL,146,61,35,239,9.19,392,60.96,0,0
M Morkel (SA),SA,114,45,17,239,8.53,321,74.45,0,0
Iftikhar Anjum (PAK),PAK,62,34,19,234,15.6,378,61.9,0,0
PJ Cummins (AUS),AUS,58,35,12,234,10.17,328,71.34,0,0
M Dillon (WI),WI,108,51,20,227,7.32,411,55.23,0,0
BKV Prasad (INDIA),IND,161,63,31,221,6.9,367,60.21,0,0
MJ Henry (NZ),NZ,52,21,7,211,15.07,211,100,0,0
M Ntini (SA),SA,172,46,23,199,8.65,298,66.77,0,0
NW Bracken (AUS),AUS,116,35,18,199,11.7,282,70.56,0,0
C Pringle (NZ),NZ,64,41,19,193,8.77,256,75.39,0,0
CA Walsh (WI),WI,122,52,22,192,6.4,284,67.6,0,0
CJ McKay (AUS),AUS,59,31,10,190,9.04,337,56.37,0,0
BAW Mendis (SL),SL,87,42,19,188,8.17,263,71.48,0,0
PS de Villiers (SA),SA,83,36,15,170,8.09,218,77.98,0,0
Imran Tahir (SA),SA,107,36,16,157,7.85,225,69.77,0,0
DK Morrison (NZ),NZ,82,39,24,156,10.4,356,43.82,0,0
TA Boult (NZ),NZ,89,39,23,154,9.62,209,73.68,0,0
DW Fleming (AUS),AUS,88,31,18,152,11.69,221,68.77,0,0
CR Matthews (SA),SA,56,22,9,141,10.84,202,69.8,0,0
A Nehra (INDIA),IND,117,45,21,140,5.83,244,57.37,0,0
Rubel Hossain (BDESH),BAN,101,52,24,140,5,249,56.22,0,0
HMRKB Herath (SL),SL,71,30,15,140,9.33,217,64.51,0,0
Mohammed Shami (INDIA),IND,70,33,15,136,7.55,163,83.43,0,0
ST Finn (ENG),ENG,69,30,13,136,8,223,60.98,0,0
Arshad Khan (PAK),PAK,58,29,18,133,12.09,217,61.29,0,0
Shafiul Islam (BDESH),BAN,59,33,11,129,5.86,235,54.89,0,0
A Nel (SA),SA,79,22,12,127,12.7,166,76.5,0,0
DBL Powell (WI),WI,55,25,3,118,5.36,164,71.95,0,0
GD McGrath (AUS),AUS,249,67,38,115,3.96,235,48.93,0,0
CJ McDermott (AUS),AUS,74,34,8,108,4.15,149,72.48,0,0
CD Collymore (WI),WI,84,35,17,104,5.77,261,39.84,0,0
RP Singh (INDIA),IND,58,20,10,104,10.4,242,42.97,0,0
XJ Doherty (AUS),AUS,60,23,16,101,14.42,184,54.89,0,0
Kuldeep Yadav (INDIA),IND,53,20,12,101,12.62,173,58.38,0,0
AA Donald (SA),SA,164,40,18,95,4.31,279,34.05,0,0
SJ Harmison (ENG),ENG,58,25,14,91,8.27,141,64.53,0,0
AD Mullally (ENG),ENG,50,25,10,86,5.73,238,36.13,0,0
Syed Rasel (BDESH),BAN,52,27,11,81,5.06,185,43.78,0,0
UT Yadav (INDIA),IND,75,24,14,79,7.9,134,58.95,0,0
Shahadat Hossain (BDESH),BAN,51,27,17,79,7.9,151,52.31,0,0
Mustafizur Rahman (BDESH),BAN,56,27,17,78,7.8,136,57.35,0,0
MM Patel (INDIA),IND,70,27,16,74,6.72,112,66.07,0,0
CK Langeveldt (SA),SA,72,21,10,73,6.63,124,58.87,0,0
FH Edwards (WI),WI,50,22,14,73,9.12,160,45.62,0,0
I Sharma (INDIA),IND,80,28,13,72,4.8,203,35.46,0,0
Junaid Khan (PAK),PAK,76,31,17,68,4.85,127,53.54,0,0
RD King (WI),WI,50,23,14,65,7.22,203,32.01,0,0
LL Tsotsobe (SA),SA,61,21,13,56,7,109,51.37,0,0
MA Wood (ENG),ENG,51,17,10,56,8,63,88.88,0,0
Mohammad Irfan (PAK),PAK,60,33,21,48,4,149,32.21,0,0
S Sreesanth (INDIA),IND,53,21,10,44,4,121,36.36,0,0
YS Chahal (INDIA),IND,50,8,3,39,7.8,72,54.16,0,0
SLV Raju (INDIA),IND,53,16,8,32,4,67,47.76,0,0
JJ Bumrah (INDIA),IND,58,13,8,19,3.8,43,44.18,0,0
